"i","di","B","dB"
0.2,0.01,0.00093,0.00010
0.4,0.01,0.00169,0.00010
0.6,0.01,0.00254,0.00010
0.8,0.01,0.00337,0.00010
1.0,0.01,0.00413,0.00010
1.2,0.01,0.00495,0.00010
1.4,0.01,0.00577,0.00010
1.6,0.01,0.00659,0.00010
1.8,0.01,0.00739,0.00010