Weight (N),Compression (m)
1.9583703,0.005
3.9173292,0.01
5.8766805,0.016
7.8353451,0.021